{
  "High|AutoPilot|Afternoon|Idle": {
    "MemCompress": 13.546359100000002,
    "Telemetry": 39.40399
  }
}
